﻿<?xml version="1.0" encoding="utf-8"?>
<abapGit version="v1.0.0" serializer="LCL_OBJECT_DTEL" serializer_version="v1.0.0">
 <asx:abap xmlns:asx="http://www.sap.com/abapxml" version="1.0">
  <asx:values>
   <DD04V>
    <ROLLNAME>ZBC_TUEV</ROLLNAME>
    <DDLANGUAGE>D</DDLANGUAGE>
    <DOMNAME>XFELD</DOMNAME>
    <HEADLEN>55</HEADLEN>
    <SCRLEN1>10</SCRLEN1>
    <SCRLEN2>20</SCRLEN2>
    <SCRLEN3>40</SCRLEN3>
    <DDTEXT>TÜV zertifiziert?</DDTEXT>
    <REPTEXT>TÜV zertifiziert?</REPTEXT>
    <SCRTEXT_S>TÜV?</SCRTEXT_S>
    <SCRTEXT_M>TÜV zertifiziert?</SCRTEXT_M>
    <SCRTEXT_L>TÜV zertifiziert?</SCRTEXT_L>
    <DTELMASTER>D</DTELMASTER>
    <REFKIND>D</REFKIND>
   </DD04V>
   <I18N_LANGS>
    <LANGU>E</LANGU>
   </I18N_LANGS>
   <DD04_TEXTS>
    <item>
     <DDLANGUAGE>E</DDLANGUAGE>
     <DDTEXT>TUEV certified?</DDTEXT>
     <REPTEXT>TUEV certified?</REPTEXT>
     <SCRTEXT_S>TUEV?</SCRTEXT_S>
     <SCRTEXT_M>TUEV certified?</SCRTEXT_M>
     <SCRTEXT_L>TUEV certified?</SCRTEXT_L>
    </item>
   </DD04_TEXTS>
  </asx:values>
 </asx:abap>
</abapGit>
