﻿<?xml version="1.0" encoding="utf-8"?>
<abapGit version="v1.0.0" serializer="LCL_OBJECT_DTEL" serializer_version="v1.0.0">
 <asx:abap xmlns:asx="http://www.sap.com/abapxml" version="1.0">
  <asx:values>
   <DD04V>
    <ROLLNAME>ZBC_FCC</ROLLNAME>
    <DDLANGUAGE>D</DDLANGUAGE>
    <DOMNAME>XFELD</DOMNAME>
    <HEADLEN>55</HEADLEN>
    <SCRLEN1>10</SCRLEN1>
    <SCRLEN2>20</SCRLEN2>
    <SCRLEN3>40</SCRLEN3>
    <DDTEXT>Federal Communications Commission (FCC)?</DDTEXT>
    <REPTEXT>Federal Communications Commission (FCC)?</REPTEXT>
    <SCRTEXT_S>FCC?</SCRTEXT_S>
    <SCRTEXT_M>FCC?</SCRTEXT_M>
    <SCRTEXT_L>Federal Communications Commission (FCC)?</SCRTEXT_L>
    <DTELMASTER>D</DTELMASTER>
    <REFKIND>D</REFKIND>
   </DD04V>
   <I18N_LANGS>
    <LANGU>E</LANGU>
   </I18N_LANGS>
   <DD04_TEXTS>
    <item>
     <DDLANGUAGE>E</DDLANGUAGE>
     <DDTEXT>Federal Communications Commission (FCC)?</DDTEXT>
     <REPTEXT>Federal Communications Commission (FCC)?</REPTEXT>
     <SCRTEXT_S>FCC?</SCRTEXT_S>
     <SCRTEXT_M>FCC?</SCRTEXT_M>
     <SCRTEXT_L>Federal Communications Commission (FCC)?</SCRTEXT_L>
    </item>
   </DD04_TEXTS>
  </asx:values>
 </asx:abap>
</abapGit>
