﻿<?xml version="1.0" encoding="utf-8"?>
<abapGit version="v1.0.0" serializer="LCL_OBJECT_DTEL" serializer_version="v1.0.0">
 <asx:abap xmlns:asx="http://www.sap.com/abapxml" version="1.0">
  <asx:values>
   <DD04V>
    <ROLLNAME>ZBC_GS</ROLLNAME>
    <DDLANGUAGE>D</DDLANGUAGE>
    <DOMNAME>XFELD</DOMNAME>
    <HEADLEN>55</HEADLEN>
    <SCRLEN1>10</SCRLEN1>
    <SCRLEN2>20</SCRLEN2>
    <SCRLEN3>40</SCRLEN3>
    <DDTEXT>GS-Siegel?</DDTEXT>
    <REPTEXT>GS-Siegel?</REPTEXT>
    <SCRTEXT_S>GS-Siegel?</SCRTEXT_S>
    <SCRTEXT_M>GS-Siegel?</SCRTEXT_M>
    <SCRTEXT_L>GS-Siegel?</SCRTEXT_L>
    <DTELMASTER>D</DTELMASTER>
    <REFKIND>D</REFKIND>
   </DD04V>
   <I18N_LANGS>
    <LANGU>E</LANGU>
   </I18N_LANGS>
   <DD04_TEXTS>
    <item>
     <DDLANGUAGE>E</DDLANGUAGE>
     <DDTEXT>GS Seal?</DDTEXT>
     <REPTEXT>GS Seal?</REPTEXT>
     <SCRTEXT_S>GS Seal?</SCRTEXT_S>
     <SCRTEXT_M>GS Seal?</SCRTEXT_M>
     <SCRTEXT_L>GS Seal?</SCRTEXT_L>
    </item>
   </DD04_TEXTS>
  </asx:values>
 </asx:abap>
</abapGit>
