﻿<?xml version="1.0" encoding="utf-8"?>
<abapGit version="v1.0.0" serializer="LCL_OBJECT_DTEL" serializer_version="v1.0.0">
 <asx:abap xmlns:asx="http://www.sap.com/abapxml" version="1.0">
  <asx:values>
   <DD04V>
    <ROLLNAME>ZBC_VERSION</ROLLNAME>
    <DDLANGUAGE>D</DDLANGUAGE>
    <HEADLEN>55</HEADLEN>
    <SCRLEN1>10</SCRLEN1>
    <SCRLEN2>20</SCRLEN2>
    <SCRLEN3>40</SCRLEN3>
    <DDTEXT>Version</DDTEXT>
    <REPTEXT>Version</REPTEXT>
    <SCRTEXT_S>Version</SCRTEXT_S>
    <SCRTEXT_M>Version</SCRTEXT_M>
    <SCRTEXT_L>Version</SCRTEXT_L>
    <DTELMASTER>D</DTELMASTER>
    <DATATYPE>NUMC</DATATYPE>
    <LENG>000005</LENG>
    <OUTPUTLEN>000005</OUTPUTLEN>
   </DD04V>
   <I18N_LANGS>
    <LANGU>E</LANGU>
   </I18N_LANGS>
   <DD04_TEXTS>
    <item>
     <DDLANGUAGE>E</DDLANGUAGE>
     <DDTEXT>Version</DDTEXT>
     <REPTEXT>Version</REPTEXT>
     <SCRTEXT_S>Version</SCRTEXT_S>
     <SCRTEXT_M>Version</SCRTEXT_M>
     <SCRTEXT_L>Version</SCRTEXT_L>
    </item>
   </DD04_TEXTS>
  </asx:values>
 </asx:abap>
</abapGit>
