﻿<?xml version="1.0" encoding="utf-8"?>
<abapGit version="v1.0.0" serializer="LCL_OBJECT_DOMA" serializer_version="v1.0.0">
 <asx:abap xmlns:asx="http://www.sap.com/abapxml" version="1.0">
  <asx:values>
   <DD01V>
    <DOMNAME>ZBC_COMMENT</DOMNAME>
    <DDLANGUAGE>D</DDLANGUAGE>
    <DATATYPE>CHAR</DATATYPE>
    <LENG>000050</LENG>
    <OUTPUTLEN>000050</OUTPUTLEN>
    <LOWERCASE>X</LOWERCASE>
    <DDTEXT>Kommentar</DDTEXT>
    <DOMMASTER>D</DOMMASTER>
   </DD01V>
  </asx:values>
 </asx:abap>
</abapGit>
