﻿<?xml version="1.0" encoding="utf-8"?>
<abapGit version="v1.0.0" serializer="LCL_OBJECT_WAPA" serializer_version="v1.0.0">
 <asx:abap xmlns:asx="http://www.sap.com/abapxml" version="1.0">
  <asx:values>
   <ATTRIBUTES>
    <APPLNAME>ZC_CERTIFICATE</APPLNAME>
    <APPLCLAS>/UI5/CL_UI5_BSP_APPLICATION</APPLCLAS>
    <APPLEXT>ZC_CERTIFICATE</APPLEXT>
    <SECURITY>X</SECURITY>
    <ORIGLANG>D</ORIGLANG>
    <MODIFLANG>E</MODIFLANG>
    <TEXT>Deployed with SAP Fiori tools</TEXT>
   </ATTRIBUTES>
   <PAGES>
    <item>
     <ATTRIBUTES>
      <APPLNAME>ZC_CERTIFICATE</APPLNAME>
      <PAGEKEY>ANNOTATIONS/ANNOTATION.XML</PAGEKEY>
      <PAGENAME>annotations/annotation.xml</PAGENAME>
      <PAGETYPE>X</PAGETYPE>
      <LAYOUTLANGU>D</LAYOUTLANGU>
      <VERSION>A</VERSION>
      <LANGU>D</LANGU>
     </ATTRIBUTES>
    </item>
    <item>
     <ATTRIBUTES>
      <APPLNAME>ZC_CERTIFICATE</APPLNAME>
      <PAGEKEY>COMPONENT.JS</PAGEKEY>
      <PAGENAME>Component.js</PAGENAME>
      <PAGETYPE>X</PAGETYPE>
      <LAYOUTLANGU>D</LAYOUTLANGU>
      <VERSION>A</VERSION>
      <LANGU>D</LANGU>
     </ATTRIBUTES>
    </item>
    <item>
     <ATTRIBUTES>
      <APPLNAME>ZC_CERTIFICATE</APPLNAME>
      <PAGEKEY>I18N/I18N.PROPERTIES</PAGEKEY>
      <PAGENAME>i18n/i18n.properties</PAGENAME>
      <PAGETYPE>X</PAGETYPE>
      <LAYOUTLANGU>D</LAYOUTLANGU>
      <VERSION>A</VERSION>
      <LANGU>D</LANGU>
     </ATTRIBUTES>
    </item>
    <item>
     <ATTRIBUTES>
      <APPLNAME>ZC_CERTIFICATE</APPLNAME>
      <PAGEKEY>INDEX.HTML</PAGEKEY>
      <PAGENAME>index.html</PAGENAME>
      <MIMETYPE>text/html</MIMETYPE>
      <IS_START_PAGE>X</IS_START_PAGE>
      <LAYOUTLANGU>D</LAYOUTLANGU>
      <VERSION>A</VERSION>
      <LANGU>D</LANGU>
     </ATTRIBUTES>
    </item>
    <item>
     <ATTRIBUTES>
      <APPLNAME>ZC_CERTIFICATE</APPLNAME>
      <PAGEKEY>MANIFEST.JSON</PAGEKEY>
      <PAGENAME>manifest.json</PAGENAME>
      <PAGETYPE>X</PAGETYPE>
      <LAYOUTLANGU>D</LAYOUTLANGU>
      <VERSION>A</VERSION>
      <LANGU>D</LANGU>
     </ATTRIBUTES>
    </item>
    <item>
     <ATTRIBUTES>
      <APPLNAME>ZC_CERTIFICATE</APPLNAME>
      <PAGEKEY>UI514783AC34137995942BBB3596B85D3761CB5B436</PAGEKEY>
      <PAGENAME>UI514783AC34137995942BBB3596B85D3761CB5B436</PAGENAME>
      <PAGETYPE>X</PAGETYPE>
      <LAYOUTLANGU>D</LAYOUTLANGU>
      <VERSION>A</VERSION>
      <LANGU>D</LANGU>
     </ATTRIBUTES>
    </item>
    <item>
     <ATTRIBUTES>
      <APPLNAME>ZC_CERTIFICATE</APPLNAME>
      <PAGEKEY>UI51F3BB30A9796AB073FD9A6A39D9B6073B67C3E91</PAGEKEY>
      <PAGENAME>UI51F3BB30A9796AB073FD9A6A39D9B6073B67C3E91</PAGENAME>
      <PAGETYPE>X</PAGETYPE>
      <LAYOUTLANGU>D</LAYOUTLANGU>
      <VERSION>A</VERSION>
      <LANGU>D</LANGU>
     </ATTRIBUTES>
    </item>
    <item>
     <ATTRIBUTES>
      <APPLNAME>ZC_CERTIFICATE</APPLNAME>
      <PAGEKEY>UI5998D97B267DCF6C31BD1569E8D040163B49B6B1B</PAGEKEY>
      <PAGENAME>UI5998D97B267DCF6C31BD1569E8D040163B49B6B1B</PAGENAME>
      <PAGETYPE>X</PAGETYPE>
      <LAYOUTLANGU>D</LAYOUTLANGU>
      <VERSION>A</VERSION>
      <LANGU>D</LANGU>
     </ATTRIBUTES>
    </item>
    <item>
     <ATTRIBUTES>
      <APPLNAME>ZC_CERTIFICATE</APPLNAME>
      <PAGEKEY>UI5B2B5D24238268DEF4FA05063EBE5142BBCACE17B</PAGEKEY>
      <PAGENAME>UI5B2B5D24238268DEF4FA05063EBE5142BBCACE17B</PAGENAME>
      <PAGETYPE>X</PAGETYPE>
      <LAYOUTLANGU>D</LAYOUTLANGU>
      <VERSION>A</VERSION>
      <LANGU>D</LANGU>
     </ATTRIBUTES>
    </item>
    <item>
     <ATTRIBUTES>
      <APPLNAME>ZC_CERTIFICATE</APPLNAME>
      <PAGEKEY>UI5C1988FC21E729302CE0154DCECD5D701AFF8B551</PAGEKEY>
      <PAGENAME>UI5C1988FC21E729302CE0154DCECD5D701AFF8B551</PAGENAME>
      <PAGETYPE>X</PAGETYPE>
      <LAYOUTLANGU>D</LAYOUTLANGU>
      <VERSION>A</VERSION>
      <LANGU>D</LANGU>
     </ATTRIBUTES>
    </item>
    <item>
     <ATTRIBUTES>
      <APPLNAME>ZC_CERTIFICATE</APPLNAME>
      <PAGEKEY>UI5REPOSITORYPATHMAPPING.XML</PAGEKEY>
      <PAGENAME>UI5RepositoryPathMapping.xml</PAGENAME>
      <PAGETYPE>X</PAGETYPE>
      <LAYOUTLANGU>D</LAYOUTLANGU>
      <VERSION>A</VERSION>
      <LANGU>D</LANGU>
     </ATTRIBUTES>
    </item>
   </PAGES>
  </asx:values>
 </asx:abap>
</abapGit>
