<edmx:Edmx xmlns:edmx="http://docs.oasis-open.org/odata/ns/edmx" Version="4.0">                                                                                                                                                                                
    <edmx:Reference Uri="https://sap.github.io/odata-vocabularies/vocabularies/Common.xml">                                                                                                                                                                    
        <edmx:Include Namespace="com.sap.vocabularies.Common.v1" Alias="Common"/>                                                                                                                                                                              
    </edmx:Reference>                                                                                                                                                                                                                                          
    <edmx:Reference Uri="https://sap.github.io/odata-vocabularies/vocabularies/UI.xml">                                                                                                                                                                        
        <edmx:Include Namespace="com.sap.vocabularies.UI.v1" Alias="UI"/>                                                                                                                                                                                      
    </edmx:Reference>                                                                                                                                                                                                                                          
    <edmx:Reference Uri="https://sap.github.io/odata-vocabularies/vocabularies/Communication.xml">                                                                                                                                                             
        <edmx:Include Namespace="com.sap.vocabularies.Communication.v1" Alias="Communication"/>                                                                                                                                                                
    </edmx:Reference>                                                                                                                                                                                                                                          
    <edmx:Reference Uri="/sap/opu/odata/sap/ZUI_CERTIFICATE_ODATA_V2/$metadata">                                                                                                                                                                               
        <edmx:Include Namespace="cds_zui_certificate"/>                                                                                                                                                                                                        
    </edmx:Reference>                                                                                                                                                                                                                                          
    <edmx:DataServices>                                                                                                                                                                                                                                        
        <Schema xmlns="http://docs.oasis-open.org/odata/ns/edm" Namespace="local">                                                                                                                                                                             
        </Schema>                                                                                                                                                                                                                                              
    </edmx:DataServices>                                                                                                                                                                                                                                       
</edmx:Edmx>                                                                                                                                                                                                                                                   