﻿<?xml version="1.0" encoding="utf-8"?>
<abapGit version="v1.0.0" serializer="LCL_OBJECT_SICF" serializer_version="v1.0.0">
 <asx:abap xmlns:asx="http://www.sap.com/abapxml" version="1.0">
  <asx:values>
   <URL>/sap/bc/bsp/sap/zc_certificate/</URL>
   <ICFSERVICE>
    <ICF_NAME>ZC_CERTIFICATE</ICF_NAME>
    <ORIG_NAME>zc_certificate</ORIG_NAME>
   </ICFSERVICE>
   <ICFDOCU>
    <ICF_NAME>ZC_CERTIFICATE</ICF_NAME>
    <ICF_LANGU>D</ICF_LANGU>
    <ICF_DOCU>Deployed with SAP Fiori tools</ICF_DOCU>
   </ICFDOCU>
  </asx:values>
 </asx:abap>
</abapGit>
