{                                                                                                                                                                                                                                                              
    "_version": "1.32.0",                                                                                                                                                                                                                                      
    "sap.app": {                                                                                                                                                                                                                                               
        "id": "zccertificate",                                                                                                                                                                                                                                 
        "type": "application",                                                                                                                                                                                                                                 
        "i18n": "i18n/i18n.properties",                                                                                                                                                                                                                        
        "applicationVersion": {                                                                                                                                                                                                                                
            "version": "1.0.0"                                                                                                                                                                                                                                 
        },                                                                                                                                                                                                                                                     
        "title": "{{appTitle}}",                                                                                                                                                                                                                               
        "description": "{{appDescription}}",                                                                                                                                                                                                                   
        "tags": {                                                                                                                                                                                                                                              
            "keywords": []                                                                                                                                                                                                                                     
        },                                                                                                                                                                                                                                                     
        "resources": "resources.json",                                                                                                                                                                                                                         
        "dataSources": {                                                                                                                                                                                                                                       
            "mainService": {                                                                                                                                                                                                                                   
                "uri": "/sap/opu/odata/sap/ZUI_CERTIFICATE_ODATA_V2/",                                                                                                                                                                                         
                "type": "OData",                                                                                                                                                                                                                               
                "settings": {                                                                                                                                                                                                                                  
                    "annotations": [                                                                                                                                                                                                                           
                        "ZUI_CERTIFICATE_ODATA_V2_VAN",                                                                                                                                                                                                        
                        "annotation"                                                                                                                                                                                                                           
                    ],                                                                                                                                                                                                                                         
                    "localUri": "localService/metadata.xml"                                                                                                                                                                                                    
                }                                                                                                                                                                                                                                              
            },                                                                                                                                                                                                                                                 
            "ZUI_CERTIFICATE_ODATA_V2_VAN": {                                                                                                                                                                                                                  
                "uri": "/sap/opu/odata/IWFND/CATALOGSERVICE;v=2/Annotations(TechnicalName='ZUI_CERTIFICATE_ODATA_V2_VAN',Version='0001')/$value/",                                                                                                             
                "type": "ODataAnnotation",                                                                                                                                                                                                                     
                "settings": {                                                                                                                                                                                                                                  
                    "localUri": "localService/ZUI_CERTIFICATE_ODATA_V2_VAN.xml"                                                                                                                                                                                
                }                                                                                                                                                                                                                                              
            },                                                                                                                                                                                                                                                 
            "annotation": {                                                                                                                                                                                                                                    
                "type": "ODataAnnotation",                                                                                                                                                                                                                     
                "uri": "annotations/annotation.xml",                                                                                                                                                                                                           
                "settings": {                                                                                                                                                                                                                                  
                    "localUri": "annotations/annotation.xml"                                                                                                                                                                                                   
                }                                                                                                                                                                                                                                              
            }                                                                                                                                                                                                                                                  
        },                                                                                                                                                                                                                                                     
        "offline": false,                                                                                                                                                                                                                                      
        "sourceTemplate": {                                                                                                                                                                                                                                    
            "id": "ui5template.smartTemplate",                                                                                                                                                                                                                 
            "version": "1.40.12"                                                                                                                                                                                                                               
        }                                                                                                                                                                                                                                                      
    },                                                                                                                                                                                                                                                         
    "sap.ui": {                                                                                                                                                                                                                                                
        "technology": "UI5",                                                                                                                                                                                                                                   
        "icons": {                                                                                                                                                                                                                                             
            "icon": "",                                                                                                                                                                                                                                        
            "favIcon": "",                                                                                                                                                                                                                                     
            "phone": "",                                                                                                                                                                                                                                       
            "phone@2": "",                                                                                                                                                                                                                                     
            "tablet": "",                                                                                                                                                                                                                                      
            "tablet@2": ""                                                                                                                                                                                                                                     
        },                                                                                                                                                                                                                                                     
        "deviceTypes": {                                                                                                                                                                                                                                       
            "desktop": true,                                                                                                                                                                                                                                   
            "tablet": true,                                                                                                                                                                                                                                    
            "phone": true                                                                                                                                                                                                                                      
        },                                                                                                                                                                                                                                                     
        "supportedThemes": [                                                                                                                                                                                                                                   
            "sap_hcb",                                                                                                                                                                                                                                         
            "sap_belize",                                                                                                                                                                                                                                      
            "sap_fiori_3"                                                                                                                                                                                                                                      
        ]                                                                                                                                                                                                                                                      
    },                                                                                                                                                                                                                                                         
    "sap.ui5": {                                                                                                                                                                                                                                               
        "resources": {                                                                                                                                                                                                                                         
            "js": [],                                                                                                                                                                                                                                          
            "css": []                                                                                                                                                                                                                                          
        },                                                                                                                                                                                                                                                     
        "dependencies": {                                                                                                                                                                                                                                      
            "minUI5Version": "1.65.0",                                                                                                                                                                                                                         
            "libs": {                                                                                                                                                                                                                                          
                "sap.ui.core": {                                                                                                                                                                                                                               
                    "lazy": false                                                                                                                                                                                                                              
                },                                                                                                                                                                                                                                             
                "sap.ui.generic.app": {                                                                                                                                                                                                                        
                    "lazy": false                                                                                                                                                                                                                              
                },                                                                                                                                                                                                                                             
                "sap.suite.ui.generic.template": {                                                                                                                                                                                                             
                    "lazy": false                                                                                                                                                                                                                              
                }                                                                                                                                                                                                                                              
            },                                                                                                                                                                                                                                                 
            "components": {}                                                                                                                                                                                                                                   
        },                                                                                                                                                                                                                                                     
        "models": {                                                                                                                                                                                                                                            
            "i18n": {                                                                                                                                                                                                                                          
                "type": "sap.ui.model.resource.ResourceModel",                                                                                                                                                                                                 
                "uri": "i18n/i18n.properties"                                                                                                                                                                                                                  
            },                                                                                                                                                                                                                                                 
            "@i18n": {                                                                                                                                                                                                                                         
                "type": "sap.ui.model.resource.ResourceModel",                                                                                                                                                                                                 
                "uri": "i18n/i18n.properties"                                                                                                                                                                                                                  
            },                                                                                                                                                                                                                                                 
            "i18n|sap.suite.ui.generic.template.ListReport|Certificate": {                                                                                                                                                                                     
                "type": "sap.ui.model.resource.ResourceModel",                                                                                                                                                                                                 
                "uri": "i18n/ListReport/Certificate/i18n.properties"                                                                                                                                                                                           
            },                                                                                                                                                                                                                                                 
            "i18n|sap.suite.ui.generic.template.ObjectPage|Certificate": {                                                                                                                                                                                     
                "type": "sap.ui.model.resource.ResourceModel",                                                                                                                                                                                                 
                "uri": "i18n/ObjectPage/Certificate/i18n.properties"                                                                                                                                                                                           
            },                                                                                                                                                                                                                                                 
&nbsp;&nbsp;&nbsp;&nbsp;&nbsp;&nbsp;&nbsp;&nbsp;&nbsp;&nbsp;&nbsp;&nbsp;                                                                                                                                                                                       
            "": {                                                                                                                                                                                                                                              
                "dataSource": "mainService",                                                                                                                                                                                                                   
                "preload": true,                                                                                                                                                                                                                               
                "settings": {                                                                                                                                                                                                                                  
                    "defaultBindingMode": "TwoWay",                                                                                                                                                                                                            
                    "defaultCountMode": "Inline",                                                                                                                                                                                                              
                    "refreshAfterChange": false,                                                                                                                                                                                                               
                    "metadataUrlParams": {                                                                                                                                                                                                                     
                        "sap-value-list": "none"                                                                                                                                                                                                               
                    }                                                                                                                                                                                                                                          
                }                                                                                                                                                                                                                                              
            }                                                                                                                                                                                                                                                  
        },                                                                                                                                                                                                                                                     
        "extends": {                                                                                                                                                                                                                                           
            "extensions": {}                                                                                                                                                                                                                                   
        },                                                                                                                                                                                                                                                     
        "contentDensities": {                                                                                                                                                                                                                                  
            "compact": true,                                                                                                                                                                                                                                   
            "cozy": true                                                                                                                                                                                                                                       
        }                                                                                                                                                                                                                                                      
    },                                                                                                                                                                                                                                                         
    "sap.ui.generic.app": {                                                                                                                                                                                                                                    
        "_version": "1.3.0",                                                                                                                                                                                                                                   
        "settings": {                                                                                                                                                                                                                                          
            "forceGlobalRefresh": false,                                                                                                                                                                                                                       
            "objectPageHeaderType": "Dynamic",                                                                                                                                                                                                                 
            "considerAnalyticalParameters": true,                                                                                                                                                                                                              
            "showDraftToggle": false                                                                                                                                                                                                                           
        },                                                                                                                                                                                                                                                     
        "pages": {                                                                                                                                                                                                                                             
            "ListReport|Certificate": {                                                                                                                                                                                                                        
                "entitySet": "Certificate",                                                                                                                                                                                                                    
                "component": {                                                                                                                                                                                                                                 
                    "name": "sap.suite.ui.generic.template.ListReport",                                                                                                                                                                                        
                    "list": true,                                                                                                                                                                                                                              
                    "settings": {                                                                                                                                                                                                                              
                        "condensedTableLayout": true,                                                                                                                                                                                                          
                        "smartVariantManagement": true,                                                                                                                                                                                                        
                        "enableTableFilterInPageVariant": true,                                                                                                                                                                                                
                        "filterSettings": {                                                                                                                                                                                                                    
                            "dateSettings": {                                                                                                                                                                                                                  
                                "useDateRange": true                                                                                                                                                                                                           
                            }                                                                                                                                                                                                                                  
                        }                                                                                                                                                                                                                                      
                    }                                                                                                                                                                                                                                          
                },                                                                                                                                                                                                                                             
                "pages": {                                                                                                                                                                                                                                     
                    "ObjectPage|Certificate": {                                                                                                                                                                                                                
                        "entitySet": "Certificate",                                                                                                                                                                                                            
                        "defaultLayoutTypeIfExternalNavigation": "MidColumnFullScreen",                                                                                                                                                                        
                        "component": {                                                                                                                                                                                                                         
                            "name": "sap.suite.ui.generic.template.ObjectPage"                                                                                                                                                                                 
                        }                                                                                                                                                                                                                                      
                    }                                                                                                                                                                                                                                          
                }                                                                                                                                                                                                                                              
            }                                                                                                                                                                                                                                                  
        }                                                                                                                                                                                                                                                      
    },                                                                                                                                                                                                                                                         
    "sap.platform.abap": {                                                                                                                                                                                                                                     
        "uri": ""                                                                                                                                                                                                                                              
    },                                                                                                                                                                                                                                                         
    "sap.fiori": {                                                                                                                                                                                                                                             
        "registrationIds": [],                                                                                                                                                                                                                                 
        "archeType": "transactional"                                                                                                                                                                                                                           
    },                                                                                                                                                                                                                                                         
    "sap.platform.hcp": {                                                                                                                                                                                                                                      
        "uri": ""                                                                                                                                                                                                                                              
    }                                                                                                                                                                                                                                                          
}                                                                                                                                                                                                                                                              
                                                                                                                                                                                                                                                               