<?xml version="1.0" encoding="utf-8"?>                                                                                                                                                                                                                         
<edmx:Edmx Version="4.0" xmlns:edmx="http://docs.oasis-open.org/odata/ns/edmx">                                                                                                                                                                                
    <edmx:Reference Uri="../../catalogservice;v=2/Vocabularies(TechnicalName='%2FIWBEP%2FVOC_COMMON',Version='0001',SAP__Origin='')/$value">                                                                                                                   
        <edmx:Include Namespace="com.sap.vocabularies.Common.v1" Alias="Common"/>                                                                                                                                                                              
    </edmx:Reference>                                                                                                                                                                                                                                          
    <edmx:Reference Uri="../../catalogservice;v=2/Vocabularies(TechnicalName='%2FIWBEP%2FVOC_UI',Version='0001',SAP__Origin='')/$value">                                                                                                                       
        <edmx:Include Namespace="com.sap.vocabularies.UI.v1" Alias="UI"/>                                                                                                                                                                                      
    </edmx:Reference>                                                                                                                                                                                                                                          
    <edmx:Reference Uri="../../catalogservice;v=2/Vocabularies(TechnicalName='%2FIWBEP%2FVOC_COMMUNICATION',Version='0001',SAP__Origin='')/$value">                                                                                                            
        <edmx:Include Namespace="com.sap.vocabularies.Communication.v1" Alias="Communication"/>                                                                                                                                                                
    </edmx:Reference>                                                                                                                                                                                                                                          
    <edmx:Reference Uri="../../catalogservice;v=2/Vocabularies(TechnicalName='%2FIWBEP%2FVOC_PERSONALDATA',Version='0001',SAP__Origin='')/$value">                                                                                                             
        <edmx:Include Namespace="com.sap.vocabularies.PersonalData.v1" Alias="PersonalData"/>                                                                                                                                                                  
    </edmx:Reference>                                                                                                                                                                                                                                          
    <edmx:Reference Uri="../../catalogservice;v=2/Vocabularies(TechnicalName='%2FIWBEP%2FVOC_VALIDATION',Version='0001',SAP__Origin='')/$value">                                                                                                               
        <edmx:Include Namespace="Org.OData.Validation.V1" Alias="Validation"/>                                                                                                                                                                                 
    </edmx:Reference>                                                                                                                                                                                                                                          
    <edmx:Reference Uri="../../catalogservice;v=2/Vocabularies(TechnicalName='%2FIWBEP%2FVOC_ANALYTICS',Version='0001',SAP__Origin='')/$value">                                                                                                                
        <edmx:Include Namespace="com.sap.vocabularies.Analytics.v1" Alias="Analytics"/>                                                                                                                                                                        
    </edmx:Reference>                                                                                                                                                                                                                                          
    <edmx:Reference Uri="../../../sap/zui_rap_po_own_m_o2/$metadata">                                                                                                                                                                                          
        <edmx:Include Namespace="ZUI_RAP_PO_OWN_M_O2" Alias="SAP"/>                                                                                                                                                                                            
    </edmx:Reference>                                                                                                                                                                                                                                          
    <edmx:DataServices>                                                                                                                                                                                                                                        
        <Schema Namespace="zui_rap_po_own_m_o2_van.v1" xmlns="http://docs.oasis-open.org/odata/ns/edm">                                                                                                                                                        
            <Annotations Target="cds_zrap_po_own_m.PurchaseOrderType/Delete_mc">                                                                                                                                                                               
                <Annotation Term="UI.Hidden"/>                                                                                                                                                                                                                 
            </Annotations>                                                                                                                                                                                                                                     
            <Annotations Target="cds_zrap_po_own_m.PurchaseOrderType">                                                                                                                                                                                         
                <Annotation Term="UI.Facets">                                                                                                                                                                                                                  
                    <Collection>                                                                                                                                                                                                                               
                        <Record Type="UI.ReferenceFacet">                                                                                                                                                                                                      
                            <PropertyValue Property="Label" String="Bestellung"/>                                                                                                                                                                              
                            <PropertyValue Property="ID" String="Identification"/>                                                                                                                                                                             
                            <PropertyValue Property="Target" AnnotationPath="@UI.Identification"/>                                                                                                                                                             
                        </Record>                                                                                                                                                                                                                              
                    </Collection>                                                                                                                                                                                                                              
                </Annotation>                                                                                                                                                                                                                                  
                <Annotation Term="UI.HeaderInfo">                                                                                                                                                                                                              
                    <Record>                                                                                                                                                                                                                                   
                        <PropertyValue Property="TypeName" String="Meine Bestellung"/>                                                                                                                                                                         
                        <PropertyValue Property="TypeNamePlural" String="Meine Bestellungen"/>                                                                                                                                                                 
                    </Record>                                                                                                                                                                                                                                  
                </Annotation>                                                                                                                                                                                                                                  
                <Annotation Term="UI.Identification">                                                                                                                                                                                                          
                    <Collection>                                                                                                                                                                                                                               
                        <Record Type="UI.DataField">                                                                                                                                                                                                           
                            <PropertyValue Property="Value" Path="PurchaseOrder"/>                                                                                                                                                                             
                        </Record>                                                                                                                                                                                                                              
                        <Record Type="UI.DataField">                                                                                                                                                                                                           
                            <PropertyValue Property="Value" Path="Material"/>                                                                                                                                                                                  
                        </Record>                                                                                                                                                                                                                              
                        <Record Type="UI.DataField">                                                                                                                                                                                                           
                            <PropertyValue Property="Value" Path="OrderQuantity"/>                                                                                                                                                                             
                        </Record>                                                                                                                                                                                                                              
                    </Collection>                                                                                                                                                                                                                              
                </Annotation>                                                                                                                                                                                                                                  
                <Annotation Term="UI.LineItem">                                                                                                                                                                                                                
                    <Collection>                                                                                                                                                                                                                               
                        <Record Type="UI.DataField">                                                                                                                                                                                                           
                            <PropertyValue Property="Value" Path="PurchaseOrder"/>                                                                                                                                                                             
                        </Record>                                                                                                                                                                                                                              
                        <Record Type="UI.DataField">                                                                                                                                                                                                           
                            <PropertyValue Property="Value" Path="PurchaseOrderDate"/>                                                                                                                                                                         
                        </Record>                                                                                                                                                                                                                              
                        <Record Type="UI.DataField">                                                                                                                                                                                                           
                            <PropertyValue Property="Value" Path="Material"/>                                                                                                                                                                                  
                        </Record>                                                                                                                                                                                                                              
                        <Record Type="UI.DataField">                                                                                                                                                                                                           
                            <PropertyValue Property="Value" Path="OrderQuantity"/>                                                                                                                                                                             
                        </Record>                                                                                                                                                                                                                              
                    </Collection>                                                                                                                                                                                                                              
                </Annotation>                                                                                                                                                                                                                                  
                <Annotation Term="UI.PresentationVariant" Qualifier="DEFAULT">                                                                                                                                                                                 
                    <Record>                                                                                                                                                                                                                                   
                        <PropertyValue Property="ID" String="DEFAULT"/>                                                                                                                                                                                        
                        <PropertyValue Property="SortOrder">                                                                                                                                                                                                   
                            <Collection>                                                                                                                                                                                                                       
                                <Record Type="Common.SortOrderType">                                                                                                                                                                                           
                                    <PropertyValue Property="Property" PropertyPath="PurchaseOrder"/>                                                                                                                                                          
                                    <PropertyValue Property="Descending" Bool="true"/>                                                                                                                                                                         
                                </Record>                                                                                                                                                                                                                      
                            </Collection>                                                                                                                                                                                                                      
                        </PropertyValue>                                                                                                                                                                                                                       
                    </Record>                                                                                                                                                                                                                                  
                </Annotation>                                                                                                                                                                                                                                  
                <Annotation Term="UI.SelectionFields">                                                                                                                                                                                                         
                    <Collection>                                                                                                                                                                                                                               
                        <PropertyPath>PurchaseOrder</PropertyPath>                                                                                                                                                                                             
                        <PropertyPath>PurchaseOrderDate</PropertyPath>                                                                                                                                                                                         
                        <PropertyPath>Material</PropertyPath>                                                                                                                                                                                                  
                    </Collection>                                                                                                                                                                                                                              
                </Annotation>                                                                                                                                                                                                                                  
            </Annotations>                                                                                                                                                                                                                                     
        </Schema>                                                                                                                                                                                                                                              
    </edmx:DataServices>                                                                                                                                                                                                                                       
</edmx:Edmx>                                                                                                                                                                                                                                                   