<?xml version="1.0" encoding="utf-8"?>                                                                                                                                                                                                                         
<edmx:Edmx Version="1.0" xmlns:edmx="http://schemas.microsoft.com/ado/2007/06/edmx" xmlns:m="http://schemas.microsoft.com/ado/2007/08/dataservices/metadata" xmlns:sap="http://www.sap.com/Protocols/SAPData">                                                 
    <edmx:Reference Uri="https://s4a.sapdev.all-for-one.net:443/sap/opu/odata/IWFND/CATALOGSERVICE;v=2/Vocabularies(TechnicalName='%2FIWBEP%2FVOC_COMMON',Version='0001',SAP__Origin='')/$value" xmlns:edmx="http://docs.oasis-open.org/odata/ns/edmx">        
        <edmx:Include Namespace="com.sap.vocabularies.Common.v1" Alias="Common"/>                                                                                                                                                                              
    </edmx:Reference>                                                                                                                                                                                                                                          
    <edmx:Reference Uri="https://s4a.sapdev.all-for-one.net:443/sap/opu/odata/IWFND/CATALOGSERVICE;v=2/Vocabularies(TechnicalName='%2FIWBEP%2FVOC_CAPABILITIES',Version='0001',SAP__Origin='')/$value" xmlns:edmx="http://docs.oasis-open.org/odata/ns/edmx">  
        <edmx:Include Namespace="Org.OData.Capabilities.V1" Alias="Capabilities"/>                                                                                                                                                                             
    </edmx:Reference>                                                                                                                                                                                                                                          
    <edmx:Reference Uri="https://s4a.sapdev.all-for-one.net:443/sap/opu/odata/IWFND/CATALOGSERVICE;v=2/Vocabularies(TechnicalName='%2FIWBEP%2FVOC_COMMUNICATION',Version='0001',SAP__Origin='')/$value" xmlns:edmx="http://docs.oasis-open.org/odata/ns/edmx"> 
        <edmx:Include Namespace="com.sap.vocabularies.Communication.v1" Alias="Communication"/>                                                                                                                                                                
    </edmx:Reference>                                                                                                                                                                                                                                          
    <edmx:Reference Uri="https://s4a.sapdev.all-for-one.net:443/sap/opu/odata/IWFND/CATALOGSERVICE;v=2/Vocabularies(TechnicalName='%2FIWBEP%2FVOC_AGGREGATION',Version='0001',SAP__Origin='')/$value" xmlns:edmx="http://docs.oasis-open.org/odata/ns/edmx">   
        <edmx:Include Namespace="Org.OData.Aggregation.V1" Alias="Aggregation"/>                                                                                                                                                                               
    </edmx:Reference>                                                                                                                                                                                                                                          
    <edmx:Reference Uri="https://s4a.sapdev.all-for-one.net:443/sap/opu/odata/IWFND/CATALOGSERVICE;v=2/Vocabularies(TechnicalName='%2FIWBEP%2FVOC_PERSONALDATA',Version='0001',SAP__Origin='')/$value" xmlns:edmx="http://docs.oasis-open.org/odata/ns/edmx">  
        <edmx:Include Namespace="com.sap.vocabularies.PersonalData.v1" Alias="PersonalData"/>                                                                                                                                                                  
    </edmx:Reference>                                                                                                                                                                                                                                          
    <edmx:Reference Uri="https://s4a.sapdev.all-for-one.net:443/sap/opu/odata/IWFND/CATALOGSERVICE;v=2/Vocabularies(TechnicalName='%2FIWBEP%2FVOC_VALIDATION',Version='0001',SAP__Origin='')/$value" xmlns:edmx="http://docs.oasis-open.org/odata/ns/edmx">    
        <edmx:Include Namespace="Org.OData.Validation.V1" Alias="Validation"/>                                                                                                                                                                                 
    </edmx:Reference>                                                                                                                                                                                                                                          
    <edmx:Reference Uri="https://s4a.sapdev.all-for-one.net:443/sap/opu/odata/IWFND/CATALOGSERVICE;v=2/Vocabularies(TechnicalName='%2FIWBEP%2FVOC_ANALYTICS',Version='0001',SAP__Origin='')/$value" xmlns:edmx="http://docs.oasis-open.org/odata/ns/edmx">     
        <edmx:Include Namespace="com.sap.vocabularies.Analytics.v1" Alias="Analytics"/>                                                                                                                                                                        
    </edmx:Reference>                                                                                                                                                                                                                                          
    <edmx:Reference Uri="https://s4a.sapdev.all-for-one.net:443/sap/opu/odata/IWFND/CATALOGSERVICE;v=2/Vocabularies(TechnicalName='%2FIWBEP%2FVOC_MEASURES',Version='0001',SAP__Origin='')/$value" xmlns:edmx="http://docs.oasis-open.org/odata/ns/edmx">      
        <edmx:Include Namespace="Org.OData.Measures.V1" Alias="Measures"/>                                                                                                                                                                                     
    </edmx:Reference>                                                                                                                                                                                                                                          
    <edmx:Reference Uri="https://s4a.sapdev.all-for-one.net:443/sap/opu/odata/IWFND/CATALOGSERVICE;v=2/Vocabularies(TechnicalName='%2FIWBEP%2FVOC_UI',Version='0001',SAP__Origin='')/$value" xmlns:edmx="http://docs.oasis-open.org/odata/ns/edmx">            
        <edmx:Include Namespace="com.sap.vocabularies.UI.v1" Alias="UI"/>                                                                                                                                                                                      
    </edmx:Reference>                                                                                                                                                                                                                                          
    <edmx:DataServices m:DataServiceVersion="2.0">                                                                                                                                                                                                             
        <Schema Namespace="cds_zrap_po_own_m" xml:lang="de" sap:schema-version="1" xmlns="http://schemas.microsoft.com/ado/2008/09/edm">                                                                                                                       
            <EntityType Name="PurchaseOrderType" sap:label="Meine Bestellungen" sap:content-version="1">                                                                                                                                                       
                <Key>                                                                                                                                                                                                                                          
                    <PropertyRef Name="PurchaseOrder"/>                                                                                                                                                                                                        
                </Key>                                                                                                                                                                                                                                         
                <Property Name="Delete_mc" Type="Edm.Boolean" sap:label="Dyn. Methodensteuerg" sap:creatable="false" sap:updatable="false" sap:sortable="false" sap:filterable="false"/>                                                                       
                <Property Name="PurchaseOrder" Type="Edm.String" Nullable="false" MaxLength="10" sap:display-format="UpperCase" sap:label="Einkaufsbeleg" sap:quickinfo="Belegnummer des Einkaufsbelegs" sap:creatable="false" sap:updatable="false"/>         
                <Property Name="PurchaseOrderItem" Type="Edm.String" MaxLength="5" sap:display-format="NonNegative" sap:label="Bestellposition" sap:quickinfo="Positionsnummer der Bestellung"/>                                                               
                <Property Name="PurchaseOrderDate" Type="Edm.DateTime" Precision="0" sap:display-format="Date" sap:label="Bestelldatum" sap:creatable="false" sap:updatable="false"/>                                                                          
                <Property Name="PurchasingOrganization" Type="Edm.String" MaxLength="4" sap:display-format="UpperCase" sap:label="EinkOrganisation" sap:quickinfo="Einkaufsorganisation" sap:creatable="false" sap:updatable="false"/>                         
                <Property Name="PurchasingGroup" Type="Edm.String" MaxLength="3" sap:display-format="UpperCase" sap:label="Einkäufergruppe" sap:creatable="false" sap:updatable="false"/>                                                                      
                <Property Name="Supplier" Type="Edm.String" MaxLength="10" sap:display-format="UpperCase" sap:label="Lieferant" sap:creatable="false" sap:updatable="false"/>                                                                                  
                <Property Name="CreatedByUser" Type="Edm.String" MaxLength="12" sap:display-format="UpperCase" sap:label="Angelegt von" sap:quickinfo="Name des Sachbearbeiters, der das Objekt hinzugefügt hat" sap:creatable="false" sap:updatable="false"/> 
                <Property Name="CreationDate" Type="Edm.DateTime" Precision="0" sap:display-format="Date" sap:label="Angelegt am" sap:quickinfo="Datum, an dem der Satz hinzugefügt wurde" sap:creatable="false" sap:updatable="false"/>                       
                <Property Name="Material" Type="Edm.String" Nullable="false" MaxLength="14" sap:display-format="UpperCase" sap:text="MaterialName" sap:label="Material" sap:quickinfo="Materialnummer" sap:value-list="standard"/>                             
                <Property Name="MaterialName" Type="Edm.String" MaxLength="40" sap:label="Materialkurztext" sap:creatable="false" sap:updatable="false"/>                                                                                                      
                <Property Name="OrderQuantity" Type="Edm.Decimal" Nullable="false" Precision="13" Scale="3" sap:unit="PurchaseOrderQuantityUnit" sap:label="Bestellmenge"/>                                                                                    
                <Property Name="PurchaseOrderQuantityUnit" Type="Edm.String" MaxLength="3" sap:label="Bestellmengeneinheit" sap:creatable="false" sap:updatable="false" sap:semantics="unit-of-measure"/>                                                      
            </EntityType>                                                                                                                                                                                                                                      
            <EntityType Name="ZI_RAP_PO_MaterialActive_VHType" sap:label="Gültige Materialien, Suchhilfe" sap:value-list="true" sap:content-version="1">                                                                                                       
                <Key>                                                                                                                                                                                                                                          
                    <PropertyRef Name="Material"/>                                                                                                                                                                                                             
                </Key>                                                                                                                                                                                                                                         
                <Property Name="Material" Type="Edm.String" Nullable="false" MaxLength="14" sap:display-format="UpperCase" sap:text="Material_Text" sap:label="Material" sap:quickinfo="Materialnummer"/>                                                      
                <Property Name="Material_Text" Type="Edm.String" MaxLength="40" sap:label="Materialkurztext" sap:creatable="false" sap:updatable="false"/>                                                                                                     
                <Property Name="MaterialBaseUnit" Type="Edm.String" MaxLength="3" sap:label="Basismengeneinheit" sap:semantics="unit-of-measure"/>                                                                                                             
            </EntityType>                                                                                                                                                                                                                                      
            <EntityContainer Name="cds_zrap_po_own_m_Entities" m:IsDefaultEntityContainer="true" sap:message-scope-supported="true" sap:supported-formats="atom json xlsx">                                                                                    
                <EntitySet Name="PurchaseOrder" EntityType="cds_zrap_po_own_m.PurchaseOrderType" sap:updatable="false" sap:content-version="1" sap:deletable-path="Delete_mc"/>                                                                                
                <EntitySet Name="ZI_RAP_PO_MaterialActive_VH" EntityType="cds_zrap_po_own_m.ZI_RAP_PO_MaterialActive_VHType" sap:creatable="false" sap:updatable="false" sap:deletable="false" sap:content-version="1"/>                                       
            </EntityContainer>                                                                                                                                                                                                                                 
            <Annotations Target="cds_zrap_po_own_m.PurchaseOrderType/Material" xmlns="http://docs.oasis-open.org/odata/ns/edm">                                                                                                                                
                <Annotation Term="Common.ValueList">                                                                                                                                                                                                           
                    <Record>                                                                                                                                                                                                                                   
                        <PropertyValue Property="Label" String="Material"/>                                                                                                                                                                                    
                        <PropertyValue Property="CollectionPath" String="ZI_RAP_PO_MaterialActive_VH"/>                                                                                                                                                        
                        <PropertyValue Property="SearchSupported" Bool="false"/>                                                                                                                                                                               
                        <PropertyValue Property="Parameters">                                                                                                                                                                                                  
                            <Collection>                                                                                                                                                                                                                       
                                <Record Type="Common.ValueListParameterInOut">                                                                                                                                                                                 
                                    <PropertyValue Property="LocalDataProperty" PropertyPath="Material"/>                                                                                                                                                      
                                    <PropertyValue Property="ValueListProperty" String="Material"/>                                                                                                                                                            
                                </Record>                                                                                                                                                                                                                      
                                <Record Type="Common.ValueListParameterOut">                                                                                                                                                                                   
                                    <PropertyValue Property="LocalDataProperty" PropertyPath="PurchaseOrderQuantityUnit"/>                                                                                                                                     
                                    <PropertyValue Property="ValueListProperty" String="MaterialBaseUnit"/>                                                                                                                                                    
                                </Record>                                                                                                                                                                                                                      
                                <Record Type="Common.ValueListParameterDisplayOnly">                                                                                                                                                                           
                                    <PropertyValue Property="ValueListProperty" String="Material_Text"/>                                                                                                                                                       
                                </Record>                                                                                                                                                                                                                      
                            </Collection>                                                                                                                                                                                                                      
                        </PropertyValue>                                                                                                                                                                                                                       
                    </Record>                                                                                                                                                                                                                                  
                </Annotation>                                                                                                                                                                                                                                  
                <Annotation Term="Common.FieldControl" EnumMember="Common.FieldControlType/Mandatory"/>                                                                                                                                                        
            </Annotations>                                                                                                                                                                                                                                     
            <Annotations Target="cds_zrap_po_own_m.cds_zrap_po_own_m_Entities" xmlns="http://docs.oasis-open.org/odata/ns/edm">                                                                                                                                
                <Annotation Term="Common.ApplyMultiUnitBehaviorForSortingAndFiltering" Bool="true"/>                                                                                                                                                           
                <Annotation Term="Aggregation.ApplySupported">                                                                                                                                                                                                 
                    <Record>                                                                                                                                                                                                                                   
                        <PropertyValue Property="Transformations">                                                                                                                                                                                             
                            <Collection>                                                                                                                                                                                                                       
                                <String>aggregate</String>                                                                                                                                                                                                     
                                <String>groupby</String>                                                                                                                                                                                                       
                                <String>filter</String>                                                                                                                                                                                                        
                            </Collection>                                                                                                                                                                                                                      
                        </PropertyValue>                                                                                                                                                                                                                       
                        <PropertyValue Property="Rollup" EnumMember="None"/>                                                                                                                                                                                   
                    </Record>                                                                                                                                                                                                                                  
                </Annotation>                                                                                                                                                                                                                                  
            </Annotations>                                                                                                                                                                                                                                     
            <Annotations Target="cds_zrap_po_own_m.PurchaseOrderType/OrderQuantity" xmlns="http://docs.oasis-open.org/odata/ns/edm">                                                                                                                           
                <Annotation Term="Common.FieldControl" EnumMember="Common.FieldControlType/Mandatory"/>                                                                                                                                                        
            </Annotations>                                                                                                                                                                                                                                     
            <Annotations Target="cds_zrap_po_own_m.cds_zrap_po_own_m_Entities/PurchaseOrder" xmlns="http://docs.oasis-open.org/odata/ns/edm">                                                                                                                  
                <Annotation Term="Capabilities.FilterRestrictions">                                                                                                                                                                                            
                    <Record>                                                                                                                                                                                                                                   
                        <PropertyValue Property="NonFilterableProperties">                                                                                                                                                                                     
                            <Collection>                                                                                                                                                                                                                       
                                <PropertyPath>Delete_mc</PropertyPath>                                                                                                                                                                                         
                            </Collection>                                                                                                                                                                                                                      
                        </PropertyValue>                                                                                                                                                                                                                       
                    </Record>                                                                                                                                                                                                                                  
                </Annotation>                                                                                                                                                                                                                                  
                <Annotation Term="Capabilities.SortRestrictions">                                                                                                                                                                                              
                    <Record>                                                                                                                                                                                                                                   
                        <PropertyValue Property="NonSortableProperties">                                                                                                                                                                                       
                            <Collection>                                                                                                                                                                                                                       
                                <PropertyPath>Delete_mc</PropertyPath>                                                                                                                                                                                         
                            </Collection>                                                                                                                                                                                                                      
                        </PropertyValue>                                                                                                                                                                                                                       
                    </Record>                                                                                                                                                                                                                                  
                </Annotation>                                                                                                                                                                                                                                  
            </Annotations>                                                                                                                                                                                                                                     
            <atom:link rel="self" href="https://s4a.sapdev.all-for-one.net:443/sap/opu/odata/sap/ZUI_RAP_PO_OWN_M_O2/$metadata" xmlns:atom="http://www.w3.org/2005/Atom"/>                                                                                     
            <atom:link rel="latest-version" href="https://s4a.sapdev.all-for-one.net:443/sap/opu/odata/sap/ZUI_RAP_PO_OWN_M_O2/$metadata" xmlns:atom="http://www.w3.org/2005/Atom"/>                                                                           
        </Schema>                                                                                                                                                                                                                                              
    </edmx:DataServices>                                                                                                                                                                                                                                       
</edmx:Edmx>                                                                                                                                                                                                                                                   