﻿<?xml version="1.0" encoding="utf-8"?>
<abapGit version="v1.0.0" serializer="LCL_OBJECT_MSAG" serializer_version="v1.0.0">
 <asx:abap xmlns:asx="http://www.sap.com/abapxml" version="1.0">
  <asx:values>
   <T100A>
    <ARBGB>ZRAP_PO</ARBGB>
    <MASTERLANG>D</MASTERLANG>
    <STEXT>Bestellschnellerfassung - Nachrichten</STEXT>
   </T100A>
   <T100>
    <T100>
     <SPRSL>D</SPRSL>
     <ARBGB>ZRAP_PO</ARBGB>
     <MSGNR>001</MSGNR>
     <TEXT>Material &amp;1 nicht für Schnellerfassung vorgesehen</TEXT>
    </T100>
    <T100>
     <SPRSL>D</SPRSL>
     <ARBGB>ZRAP_PO</ARBGB>
     <MSGNR>002</MSGNR>
     <TEXT>Material &amp;1 ist nicht aktiv</TEXT>
    </T100>
    <T100>
     <SPRSL>D</SPRSL>
     <ARBGB>ZRAP_PO</ARBGB>
     <MSGNR>003</MSGNR>
     <TEXT>Bitte eine Bestellmenge eingeben</TEXT>
    </T100>
    <T100>
     <SPRSL>D</SPRSL>
     <ARBGB>ZRAP_PO</ARBGB>
     <MSGNR>004</MSGNR>
     <TEXT>Bitte ein Material eingeben</TEXT>
    </T100>
    <T100>
     <SPRSL>D</SPRSL>
     <ARBGB>ZRAP_PO</ARBGB>
     <MSGNR>005</MSGNR>
     <TEXT>Keine Berechtigung zur Anlage von Bestellungen</TEXT>
    </T100>
   </T100>
  </asx:values>
 </asx:abap>
</abapGit>
