﻿<?xml version="1.0" encoding="utf-8"?>
<abapGit version="v1.0.0" serializer="LCL_OBJECT_SUSO" serializer_version="v1.0.0">
 <asx:abap xmlns:asx="http://www.sap.com/abapxml" version="1.0">
  <asx:values>
   <TOBJ>
    <OBJCT>Z_DMO_CAR</OBJCT>
    <FIEL1>CARRIER_ID</FIEL1>
    <FIEL2>ACTVT</FIEL2>
    <OCLSS>BC_A</OCLSS>
   </TOBJ>
   <TOBJT>
    <LANGU>D</LANGU>
    <OBJECT>Z_DMO_CAR</OBJECT>
    <TTEXT>Flugdaten Referenzmodell - Carrier ID</TTEXT>
   </TOBJT>
   <TACTZ>
    <TACTZ>
     <BROBJ>Z_DMO_CAR</BROBJ>
     <ACTVT>01</ACTVT>
    </TACTZ>
    <TACTZ>
     <BROBJ>Z_DMO_CAR</BROBJ>
     <ACTVT>02</ACTVT>
    </TACTZ>
    <TACTZ>
     <BROBJ>Z_DMO_CAR</BROBJ>
     <ACTVT>03</ACTVT>
    </TACTZ>
   </TACTZ>
  </asx:values>
 </asx:abap>
</abapGit>
