﻿<?xml version="1.0" encoding="utf-8"?>
<abapGit version="v1.0.0" serializer="LCL_OBJECT_DTEL" serializer_version="v1.0.0">
 <asx:abap xmlns:asx="http://www.sap.com/abapxml" version="1.0">
  <asx:values>
   <DD04V>
    <ROLLNAME>ZZPREMIUM</ROLLNAME>
    <DDLANGUAGE>D</DDLANGUAGE>
    <DOMNAME>BOOLE</DOMNAME>
    <LOGFLAG>X</LOGFLAG>
    <HEADLEN>14</HEADLEN>
    <SCRLEN1>07</SCRLEN1>
    <SCRLEN2>14</SCRLEN2>
    <SCRLEN3>14</SCRLEN3>
    <DDTEXT>Premiumprodukt</DDTEXT>
    <REPTEXT>Premiumprodukt</REPTEXT>
    <SCRTEXT_S>Premium</SCRTEXT_S>
    <SCRTEXT_M>Premiumprodukt</SCRTEXT_M>
    <SCRTEXT_L>Premiumprodukt</SCRTEXT_L>
    <DTELMASTER>D</DTELMASTER>
    <REFKIND>D</REFKIND>
   </DD04V>
   <I18N_LANGS>
    <LANGU>E</LANGU>
   </I18N_LANGS>
   <DD04_TEXTS>
    <item>
     <DDLANGUAGE>E</DDLANGUAGE>
     <DDTEXT>Premium product</DDTEXT>
     <REPTEXT>Premium prod.</REPTEXT>
     <SCRTEXT_S>Premium</SCRTEXT_S>
     <SCRTEXT_M>Premium prod.</SCRTEXT_M>
     <SCRTEXT_L>Premium prod.</SCRTEXT_L>
    </item>
   </DD04_TEXTS>
  </asx:values>
 </asx:abap>
</abapGit>
