﻿<?xml version="1.0" encoding="utf-8"?>
<abapGit version="v1.0.0" serializer="LCL_OBJECT_FUGR" serializer_version="v1.0.0">
 <asx:abap xmlns:asx="http://www.sap.com/abapxml" version="1.0">
  <asx:values>
   <AREAT>Z-Kundenauftrag API</AREAT>
   <INCLUDES>
    <SOBJ_NAME>LZVB_APITOP</SOBJ_NAME>
    <SOBJ_NAME>SAPLZVB_API</SOBJ_NAME>
   </INCLUDES>
   <FUNCTIONS>
    <item>
     <FUNCNAME>Z_VB_CHECK</FUNCNAME>
     <IMPORT>
      <RSIMP>
       <PARAMETER>IV_ID</PARAMETER>
       <REFERENCE>X</REFERENCE>
       <TYP>ZID</TYP>
      </RSIMP>
     </IMPORT>
     <EXPORT>
      <RSEXP>
       <PARAMETER>ET_MESSAGES</PARAMETER>
       <REFERENCE>X</REFERENCE>
       <TYP>ZT_MESSAGE</TYP>
      </RSEXP>
     </EXPORT>
     <DOCUMENTATION>
      <RSFDO>
       <PARAMETER>IV_ID</PARAMETER>
       <KIND>P</KIND>
      </RSFDO>
      <RSFDO>
       <PARAMETER>ET_MESSAGES</PARAMETER>
       <KIND>P</KIND>
      </RSFDO>
     </DOCUMENTATION>
    </item>
    <item>
     <FUNCNAME>Z_VB_CREATE</FUNCNAME>
     <IMPORT>
      <RSIMP>
       <PARAMETER>IS_ZVBAK</PARAMETER>
       <REFERENCE>X</REFERENCE>
       <TYP>ZVBAK</TYP>
      </RSIMP>
     </IMPORT>
     <EXPORT>
      <RSEXP>
       <PARAMETER>ES_ZVBAK</PARAMETER>
       <REFERENCE>X</REFERENCE>
       <TYP>ZVBAK</TYP>
      </RSEXP>
      <RSEXP>
       <PARAMETER>ET_MESSAGES</PARAMETER>
       <REFERENCE>X</REFERENCE>
       <TYP>ZT_MESSAGE</TYP>
      </RSEXP>
     </EXPORT>
     <DOCUMENTATION>
      <RSFDO>
       <PARAMETER>IS_ZVBAK</PARAMETER>
       <KIND>P</KIND>
      </RSFDO>
      <RSFDO>
       <PARAMETER>ES_ZVBAK</PARAMETER>
       <KIND>P</KIND>
      </RSFDO>
      <RSFDO>
       <PARAMETER>ET_MESSAGES</PARAMETER>
       <KIND>P</KIND>
      </RSFDO>
     </DOCUMENTATION>
    </item>
    <item>
     <FUNCNAME>Z_VB_DELETE</FUNCNAME>
     <IMPORT>
      <RSIMP>
       <PARAMETER>IV_ID</PARAMETER>
       <REFERENCE>X</REFERENCE>
       <TYP>ZID</TYP>
      </RSIMP>
     </IMPORT>
     <EXPORT>
      <RSEXP>
       <PARAMETER>ET_MESSAGES</PARAMETER>
       <REFERENCE>X</REFERENCE>
       <TYP>ZT_MESSAGE</TYP>
      </RSEXP>
     </EXPORT>
     <DOCUMENTATION>
      <RSFDO>
       <PARAMETER>IV_ID</PARAMETER>
       <KIND>P</KIND>
      </RSFDO>
      <RSFDO>
       <PARAMETER>ET_MESSAGES</PARAMETER>
       <KIND>P</KIND>
      </RSFDO>
     </DOCUMENTATION>
    </item>
    <item>
     <FUNCNAME>Z_VB_ENRICH</FUNCNAME>
     <IMPORT>
      <RSIMP>
       <PARAMETER>IV_ID</PARAMETER>
       <REFERENCE>X</REFERENCE>
       <TYP>ZID</TYP>
      </RSIMP>
     </IMPORT>
     <EXPORT>
      <RSEXP>
       <PARAMETER>ET_MESSAGES</PARAMETER>
       <REFERENCE>X</REFERENCE>
       <TYP>ZT_MESSAGE</TYP>
      </RSEXP>
     </EXPORT>
     <DOCUMENTATION>
      <RSFDO>
       <PARAMETER>IV_ID</PARAMETER>
       <KIND>P</KIND>
      </RSFDO>
      <RSFDO>
       <PARAMETER>ET_MESSAGES</PARAMETER>
       <KIND>P</KIND>
      </RSFDO>
     </DOCUMENTATION>
    </item>
    <item>
     <FUNCNAME>Z_VB_INITIALIZE</FUNCNAME>
    </item>
    <item>
     <FUNCNAME>Z_VB_LOCK</FUNCNAME>
     <IMPORT>
      <RSIMP>
       <PARAMETER>IV_ID</PARAMETER>
       <REFERENCE>X</REFERENCE>
       <TYP>ZID</TYP>
      </RSIMP>
     </IMPORT>
     <EXPORT>
      <RSEXP>
       <PARAMETER>ET_MESSAGES</PARAMETER>
       <REFERENCE>X</REFERENCE>
       <TYP>ZT_MESSAGE</TYP>
      </RSEXP>
     </EXPORT>
     <DOCUMENTATION>
      <RSFDO>
       <PARAMETER>IV_ID</PARAMETER>
       <KIND>P</KIND>
      </RSFDO>
      <RSFDO>
       <PARAMETER>ET_MESSAGES</PARAMETER>
       <KIND>P</KIND>
      </RSFDO>
     </DOCUMENTATION>
    </item>
    <item>
     <FUNCNAME>Z_VB_READ</FUNCNAME>
     <IMPORT>
      <RSIMP>
       <PARAMETER>IV_ID</PARAMETER>
       <REFERENCE>X</REFERENCE>
       <TYP>ZID</TYP>
      </RSIMP>
     </IMPORT>
     <EXPORT>
      <RSEXP>
       <PARAMETER>ES_ZVBAK</PARAMETER>
       <REFERENCE>X</REFERENCE>
       <TYP>ZVBAK</TYP>
      </RSEXP>
      <RSEXP>
       <PARAMETER>ET_MESSAGES</PARAMETER>
       <REFERENCE>X</REFERENCE>
       <TYP>ZT_MESSAGE</TYP>
      </RSEXP>
     </EXPORT>
     <DOCUMENTATION>
      <RSFDO>
       <PARAMETER>IV_ID</PARAMETER>
       <KIND>P</KIND>
      </RSFDO>
      <RSFDO>
       <PARAMETER>ES_ZVBAK</PARAMETER>
       <KIND>P</KIND>
      </RSFDO>
      <RSFDO>
       <PARAMETER>ET_MESSAGES</PARAMETER>
       <KIND>P</KIND>
      </RSFDO>
     </DOCUMENTATION>
    </item>
    <item>
     <FUNCNAME>Z_VB_READ_ALL</FUNCNAME>
     <EXPORT>
      <RSEXP>
       <PARAMETER>ET_BUFFER_ZVBAK</PARAMETER>
       <REFERENCE>X</REFERENCE>
       <TYP>ZVBAK_BUFFER_T</TYP>
      </RSEXP>
     </EXPORT>
     <DOCUMENTATION>
      <RSFDO>
       <PARAMETER>ET_BUFFER_ZVBAK</PARAMETER>
       <KIND>P</KIND>
      </RSFDO>
     </DOCUMENTATION>
    </item>
    <item>
     <FUNCNAME>Z_VB_SAVE</FUNCNAME>
    </item>
    <item>
     <FUNCNAME>Z_VB_UPDATE</FUNCNAME>
     <IMPORT>
      <RSIMP>
       <PARAMETER>IS_ZVBAK</PARAMETER>
       <REFERENCE>X</REFERENCE>
       <TYP>ZVBAK</TYP>
      </RSIMP>
     </IMPORT>
     <EXPORT>
      <RSEXP>
       <PARAMETER>ET_MESSAGES</PARAMETER>
       <REFERENCE>X</REFERENCE>
       <TYP>ZT_MESSAGE</TYP>
      </RSEXP>
     </EXPORT>
     <DOCUMENTATION>
      <RSFDO>
       <PARAMETER>IS_ZVBAK</PARAMETER>
       <KIND>P</KIND>
      </RSFDO>
      <RSFDO>
       <PARAMETER>ET_MESSAGES</PARAMETER>
       <KIND>P</KIND>
      </RSFDO>
     </DOCUMENTATION>
    </item>
   </FUNCTIONS>
  </asx:values>
 </asx:abap>
</abapGit>
