﻿<?xml version="1.0" encoding="utf-8"?>
<abapGit version="v1.0.0" serializer="LCL_OBJECT_TABL" serializer_version="v1.0.0">
 <asx:abap xmlns:asx="http://www.sap.com/abapxml" version="1.0">
  <asx:values>
   <DD02V>
    <TABNAME>ZVBAK</TABNAME>
    <DDLANGUAGE>D</DDLANGUAGE>
    <TABCLASS>TRANSP</TABCLASS>
    <CLIDEP>X</CLIDEP>
    <DDTEXT>Z-Kundenauftrag</DDTEXT>
    <CONTFLAG>A</CONTFLAG>
    <EXCLASS>4</EXCLASS>
   </DD02V>
   <DD09L>
    <TABNAME>ZVBAK</TABNAME>
    <AS4LOCAL>A</AS4LOCAL>
    <TABKAT>2</TABKAT>
    <TABART>APPL1</TABART>
    <BUFALLOW>N</BUFALLOW>
   </DD09L>
   <DD03P_TABLE>
    <DD03P>
     <FIELDNAME>MANDT</FIELDNAME>
     <KEYFLAG>X</KEYFLAG>
     <ROLLNAME>MANDT</ROLLNAME>
     <CHECKTABLE>T000</CHECKTABLE>
     <ADMINFIELD>0</ADMINFIELD>
     <NOTNULL>X</NOTNULL>
     <SHLPORIGIN>P</SHLPORIGIN>
     <COMPTYPE>E</COMPTYPE>
    </DD03P>
    <DD03P>
     <FIELDNAME>ID</FIELDNAME>
     <KEYFLAG>X</KEYFLAG>
     <ROLLNAME>ZID</ROLLNAME>
     <ADMINFIELD>0</ADMINFIELD>
     <NOTNULL>X</NOTNULL>
     <COMPTYPE>E</COMPTYPE>
    </DD03P>
    <DD03P>
     <FIELDNAME>KUNNR</FIELDNAME>
     <ROLLNAME>KUNAG</ROLLNAME>
     <CHECKTABLE>KNA1</CHECKTABLE>
     <ADMINFIELD>0</ADMINFIELD>
     <SHLPORIGIN>P</SHLPORIGIN>
     <COMPTYPE>E</COMPTYPE>
    </DD03P>
    <DD03P>
     <FIELDNAME>MEMO1</FIELDNAME>
     <ROLLNAME>TEXT30</ROLLNAME>
     <ADMINFIELD>0</ADMINFIELD>
     <COMPTYPE>E</COMPTYPE>
    </DD03P>
    <DD03P>
     <FIELDNAME>MEMO2</FIELDNAME>
     <ROLLNAME>TEXT30</ROLLNAME>
     <ADMINFIELD>0</ADMINFIELD>
     <COMPTYPE>E</COMPTYPE>
    </DD03P>
    <DD03P>
     <FIELDNAME>ZEITPKT</FIELDNAME>
     <ROLLNAME>TIMESTAMPL</ROLLNAME>
     <ADMINFIELD>0</ADMINFIELD>
     <COMPTYPE>E</COMPTYPE>
    </DD03P>
    <DD03P>
     <FIELDNAME>NETWR</FIELDNAME>
     <ROLLNAME>NETWR</ROLLNAME>
     <ADMINFIELD>0</ADMINFIELD>
     <REFTABLE>ZVBAK</REFTABLE>
     <REFFIELD>WAERK</REFFIELD>
     <COMPTYPE>E</COMPTYPE>
    </DD03P>
    <DD03P>
     <FIELDNAME>WAERK</FIELDNAME>
     <ROLLNAME>WAERK</ROLLNAME>
     <CHECKTABLE>TCURC</CHECKTABLE>
     <ADMINFIELD>0</ADMINFIELD>
     <SHLPORIGIN>P</SHLPORIGIN>
     <COMPTYPE>E</COMPTYPE>
    </DD03P>
    <DD03P>
     <FIELDNAME>STATUS</FIELDNAME>
     <ROLLNAME>ZSTATUS</ROLLNAME>
     <ADMINFIELD>0</ADMINFIELD>
     <VALEXI>X</VALEXI>
     <SHLPORIGIN>F</SHLPORIGIN>
     <COMPTYPE>E</COMPTYPE>
    </DD03P>
   </DD03P_TABLE>
   <DD05M_TABLE>
    <DD05M>
     <FIELDNAME>KUNNR</FIELDNAME>
     <FORTABLE>ZVBAK</FORTABLE>
     <FORKEY>MANDT</FORKEY>
     <CHECKTABLE>KNA1</CHECKTABLE>
     <CHECKFIELD>MANDT</CHECKFIELD>
     <PRIMPOS>0001</PRIMPOS>
     <DOMNAME>MANDT</DOMNAME>
     <DATATYPE>CLNT</DATATYPE>
    </DD05M>
    <DD05M>
     <FIELDNAME>KUNNR</FIELDNAME>
     <FORTABLE>ZVBAK</FORTABLE>
     <FORKEY>KUNNR</FORKEY>
     <CHECKTABLE>KNA1</CHECKTABLE>
     <CHECKFIELD>KUNNR</CHECKFIELD>
     <PRIMPOS>0002</PRIMPOS>
     <DOMNAME>KUNNR</DOMNAME>
     <DATATYPE>CHAR</DATATYPE>
    </DD05M>
    <DD05M>
     <FIELDNAME>MANDT</FIELDNAME>
     <FORTABLE>ZVBAK</FORTABLE>
     <FORKEY>MANDT</FORKEY>
     <CHECKTABLE>T000</CHECKTABLE>
     <CHECKFIELD>MANDT</CHECKFIELD>
     <PRIMPOS>0001</PRIMPOS>
     <DOMNAME>MANDT</DOMNAME>
     <DATATYPE>CLNT</DATATYPE>
    </DD05M>
    <DD05M>
     <FIELDNAME>WAERK</FIELDNAME>
     <FORTABLE>ZVBAK</FORTABLE>
     <FORKEY>MANDT</FORKEY>
     <CHECKTABLE>TCURC</CHECKTABLE>
     <CHECKFIELD>MANDT</CHECKFIELD>
     <PRIMPOS>0001</PRIMPOS>
     <DOMNAME>MANDT</DOMNAME>
     <DATATYPE>CLNT</DATATYPE>
    </DD05M>
    <DD05M>
     <FIELDNAME>WAERK</FIELDNAME>
     <FORTABLE>ZVBAK</FORTABLE>
     <FORKEY>WAERK</FORKEY>
     <CHECKTABLE>TCURC</CHECKTABLE>
     <CHECKFIELD>WAERS</CHECKFIELD>
     <PRIMPOS>0002</PRIMPOS>
     <DOMNAME>WAERS</DOMNAME>
     <DATATYPE>CUKY</DATATYPE>
    </DD05M>
   </DD05M_TABLE>
   <DD08V_TABLE>
    <DD08V>
     <FIELDNAME>KUNNR</FIELDNAME>
     <CHECKTABLE>KNA1</CHECKTABLE>
    </DD08V>
    <DD08V>
     <FIELDNAME>MANDT</FIELDNAME>
     <CHECKTABLE>T000</CHECKTABLE>
    </DD08V>
    <DD08V>
     <FIELDNAME>WAERK</FIELDNAME>
     <CHECKTABLE>TCURC</CHECKTABLE>
    </DD08V>
   </DD08V_TABLE>
   <I18N_LANGS>
    <LANGU>E</LANGU>
   </I18N_LANGS>
   <DD02_TEXTS>
    <item>
     <DDLANGUAGE>E</DDLANGUAGE>
     <DDTEXT>Z-Salesorder</DDTEXT>
    </item>
   </DD02_TEXTS>
  </asx:values>
 </asx:abap>
</abapGit>
