﻿<?xml version="1.0" encoding="utf-8"?>
<abapGit version="v1.0.0" serializer="LCL_OBJECT_IWSV" serializer_version="v1.0.0">
 <asx:abap xmlns:asx="http://www.sap.com/abapxml" version="1.0">
  <asx:values>
   <_-IWBEP_-I_MGW_SRG>
    <_-IWBEP_-I_MGW_SRG>
     <GROUP_TECH_NAME>ZUI_TRAVEL_APPR_ODATA_O2</GROUP_TECH_NAME>
     <GROUP_VERSION>0001</GROUP_VERSION>
     <MODEL_TECH_NAME>ZUI_TRAVEL_APPR_ODATA_O2</MODEL_TECH_NAME>
     <MODEL_VERSION>0001</MODEL_VERSION>
    </_-IWBEP_-I_MGW_SRG>
   </_-IWBEP_-I_MGW_SRG>
   <_-IWBEP_-I_MGW_SRH>
    <_-IWBEP_-I_MGW_SRH>
     <TECHNICAL_NAME>ZUI_TRAVEL_APPR_ODATA_O2</TECHNICAL_NAME>
     <VERSION>0001</VERSION>
     <EXTERNAL_NAME>ZUI_TRAVEL_APPR_ODATA_O2</EXTERNAL_NAME>
     <CLASS_NAME>CL_SADL_RAP_EXPOSURE_DPC</CLASS_NAME>
     <CREATED_BY>RAP2</CREATED_BY>
     <CREATED_TIMESTMP>20220108101324</CREATED_TIMESTMP>
     <IS_SAP_SERVICE>-</IS_SAP_SERVICE>
    </_-IWBEP_-I_MGW_SRH>
   </_-IWBEP_-I_MGW_SRH>
   <_-IWBEP_-I_MGW_SRT>
    <_-IWBEP_-I_MGW_SRT>
     <TECHNICAL_NAME>ZUI_TRAVEL_APPR_ODATA_O2</TECHNICAL_NAME>
     <VERSION>0001</VERSION>
     <LANGUAGE>D</LANGUAGE>
     <DESCRIPTION>ODATA V2 UI Service for Manage Travels (Approver)</DESCRIPTION>
    </_-IWBEP_-I_MGW_SRT>
   </_-IWBEP_-I_MGW_SRT>
  </asx:values>
 </asx:abap>
</abapGit>
